UID,Account Type,Order ID,Symbol,Side,Order Type,Avg. Filled Price,Filled Amount,Filled Volume,Filled Volume (USDT),Filled Time(UTC-04:00),Fee,Tax,Maker/Taker,Fee Currency
****0219,mainAccount,620bcbc8fec9a6000106b69a,LYXE-USDT,SELL,LIMIT,16.97867,57.5613,977.314317471,977.314317471,2022-02-15 11:52:16,0.977314317471,,MAKER,USDT
****0219,mainAccount,6274577274b0a900012033ac,PYR-USDT,BUY,LIMIT,8.6,6.7638,58.16868,58.16868,2022-05-05 20:52:42,0.11633736,,MAKER,USDT
****0219,mainAccount,6274577274b0a900012033ac,PYR-USDT,BUY,LIMIT,8.6,50.0,430.0,430.0,2022-05-05 20:52:42,0.86,,MAKER,USDT
****0219,mainAccount,6274577eefa6c900012a2c50,PYR-USDT,BUY,LIMIT,8.0,30.4496,243.5968,243.5968,2022-05-06 09:47:17,0.4871936,,MAKER,USDT
****0219,mainAccount,62745784d828f80001461903,PYR-USDT,BUY,LIMIT,7.75,3.5029,27.147475,27.147475,2022-05-08 13:20:35,0.05429495,,MAKER,USDT
****0219,mainAccount,62745784d828f80001461903,PYR-USDT,BUY,LIMIT,7.75,27.8033,215.475575,215.475575,2022-05-08 13:20:35,0.43095115,,MAKER,USDT
****0219,mainAccount,619b994573c96c0001b22046,PYR-USDT,BUY,LIMIT,26.7394,9.7161,259.80268434,259.80268434,2021-11-22 09:21:09,0.51960536868,,TAKER,USDT
****0219,mainAccount,619b994573c96c0001b22046,PYR-USDT,BUY,LIMIT,26.74,15.0,401.1,401.1,2021-11-22 09:21:30,0.8022,,MAKER,USDT
****0219,mainAccount,619b994573c96c0001b22046,PYR-USDT,BUY,LIMIT,26.74,269.51434819,7206.8136706006,7206.8136706006,2021-11-22 09:22:38,14.4136273412012,,MAKER,USDT
****0219,mainAccount,619b994573c96c0001b22046,PYR-USDT,BUY,LIMIT,26.74,3.52152844,94.1656704856,94.1656704856,2021-11-22 09:23:04,0.1883313409712,,MAKER,USDT
****0219,mainAccount,619b994573c96c0001b22046,PYR-USDT,BUY,LIMIT,26.74,9.1286,244.098764,244.098764,2021-11-22 09:23:05,0.488197528,,MAKER,USDT
****0219,mainAccount,619b994573c96c0001b22046,PYR-USDT,BUY,LIMIT,26.74,5.0,133.7,133.7,2021-11-22 09:23:07,0.2674,,MAKER,USDT
****0219,mainAccount,619b994573c96c0001b22046,PYR-USDT,BUY,LIMIT,26.74,5.0,133.7,133.7,2021-11-22 09:23:12,0.2674,,MAKER,USDT
****0219,mainAccount,619b994573c96c0001b22046,PYR-USDT,BUY,LIMIT,26.74,9.3025,248.74885,248.74885,2021-11-22 09:23:19,0.4974977,,MAKER,USDT
****0219,mainAccount,619b994573c96c0001b22046,PYR-USDT,BUY,LIMIT,26.74,608.74582337,16277.8633169138,16277.8633169138,2021-11-22 09:23:25,32.5557266338276,,MAKER,USDT
****0219,mainAccount,619bc4def8998b000187af39,PYR-USDT,BUY,LIMIT,27.4972,1.2976663,35.68218978436,35.68218978436,2021-11-22 12:27:10,0.07136437956872,,TAKER,USDT
****0219,mainAccount,619bc4def8998b000187af39,PYR-USDT,BUY,LIMIT,27.4972,1.4251,39.18625972,39.18625972,2021-11-22 12:27:11,0.07837251944,,MAKER,USDT
****0219,mainAccount,619bc4def8998b000187af39,PYR-USDT,BUY,LIMIT,27.4972,0.2273,6.25011356,6.25011356,2021-11-22 12:27:11,0.01250022712,,MAKER,USDT
****0219,mainAccount,619bc4def8998b000187af39,PYR-USDT,BUY,LIMIT,27.4972,0.9399,25.84461828,25.84461828,2021-11-22 12:27:11,0.05168923656,,MAKER,USDT
****0219,mainAccount,619bc4def8998b000187af39,PYR-USDT,BUY,LIMIT,27.4972,16.7785,461.3617702,461.3617702,2021-11-22 12:27:11,0.9227235404,,MAKER,USDT
****0219,mainAccount,619bc4def8998b000187af39,PYR-USDT,BUY,LIMIT,27.4972,1.2136,33.37060192,33.37060192,2021-11-22 12:27:11,0.06674120384,,MAKER,USDT
****0219,mainAccount,619bc4def8998b000187af39,PYR-USDT,BUY,LIMIT,27.4972,0.7284,20.02896048,20.02896048,2021-11-22 12:27:11,0.04005792096,,MAKER,USDT
****0219,mainAccount,619bc4def8998b000187af39,PYR-USDT,BUY,LIMIT,27.4972,1.5429,42.42542988,42.42542988,2021-11-22 12:27:11,0.08485085976,,MAKER,USDT
****0219,mainAccount,619bc4def8998b000187af39,PYR-USDT,BUY,LIMIT,27.4972,3.803,104.5718516,104.5718516,2021-11-22 12:27:11,0.2091437032,,MAKER,USDT
****0219,mainAccount,619bc4def8998b000187af39,PYR-USDT,BUY,LIMIT,27.4972,2.2693,62.39939596,62.39939596,2021-11-22 12:27:11,0.12479879192,,MAKER,USDT
****0219,mainAccount,619bc4def8998b000187af39,PYR-USDT,BUY,LIMIT,27.4972,4.0911,112.49379492,112.49379492,2021-11-22 12:27:11,0.22498758984,,MAKER,USDT
****0219,mainAccount,619bc4def8998b000187af39,PYR-USDT,BUY,LIMIT,27.4972,0.3757,10.33069804,10.33069804,2021-11-22 12:27:11,0.02066139608,,MAKER,USDT
****0219,mainAccount,619bc4def8998b000187af39,PYR-USDT,BUY,LIMIT,27.4972,2.0465,56.2730198,56.2730198,2021-11-22 12:27:11,0.1125460396,,MAKER,USDT
****0219,mainAccount,619bc4def8998b000187af39,PYR-USDT,BUY,LIMIT,27.4972,0.1358,3.73411976,3.73411976,2021-11-22 12:27:11,0.00746823952,,MAKER,USDT
****0219,mainAccount,619bc4def8998b000187af39,PYR-USDT,BUY,LIMIT,27.4972,0.9957,27.37896204,27.37896204,2021-11-22 12:27:11,0.05475792408,,MAKER,USDT
****0219,mainAccount,619bc4def8998b000187af39,PYR-USDT,BUY,LIMIT,27.4972,1.3672,37.59417184,37.59417184,2021-11-22 12:27:11,0.07518834368,,MAKER,USDT
****0219,mainAccount,619bc4def8998b000187af39,PYR-USDT,BUY,LIMIT,27.4972,0.8889,24.44226108,24.44226108,2021-11-22 12:27:11,0.04888452216,,MAKER,USDT
****0219,mainAccount,619bc4def8998b000187af39,PYR-USDT,BUY,LIMIT,27.4972,0.4129,11.35359388,11.35359388,2021-11-22 12:27:11,0.02270718776,,MAKER,USDT
****0219,mainAccount,619bc4def8998b000187af39,PYR-USDT,BUY,LIMIT,27.4972,3.3621,92.44833612,92.44833612,2021-11-22 12:27:11,0.18489667224,,MAKER,USDT
****0219,mainAccount,619bc4def8998b000187af39,PYR-USDT,BUY,LIMIT,27.4972,2.1331,58.65427732,58.65427732,2021-11-22 12:27:11,0.11730855464,,MAKER,USDT
****0219,mainAccount,619bc4def8998b000187af39,PYR-USDT,BUY,LIMIT,27.4972,0.8934,24.56599848,24.56599848,2021-11-22 12:27:11,0.04913199696,,MAKER,USDT
****0219,mainAccount,619bc4def8998b000187af39,PYR-USDT,BUY,LIMIT,27.4972,0.15,4.12458,4.12458,2021-11-22 12:27:11,0.00824916,,MAKER,USDT
****0219,mainAccount,619bc4def8998b000187af39,PYR-USDT,BUY,LIMIT,27.4972,1.5714,43.20910008,43.20910008,2021-11-22 12:27:11,0.08641820016,,MAKER,USDT
****0219,mainAccount,619bc4def8998b000187af39,PYR-USDT,BUY,LIMIT,27.4972,0.8841,24.31027452,24.31027452,2021-11-22 12:27:11,0.04862054904,,MAKER,USDT
****0219,mainAccount,619bc4def8998b000187af39,PYR-USDT,BUY,LIMIT,27.4972,0.9489,26.09209308,26.09209308,2021-11-22 12:27:11,0.05218418616,,MAKER,USDT
****0219,mainAccount,619bc4def8998b000187af39,PYR-USDT,BUY,LIMIT,27.4972,1.8291,50.29512852,50.29512852,2021-11-22 12:27:11,0.10059025704,,MAKER,USDT
****0219,mainAccount,619bc4def8998b000187af39,PYR-USDT,BUY,LIMIT,27.4972,9.8413,270.60819436,270.60819436,2021-11-22 12:27:12,0.54121638872,,MAKER,USDT
****0219,mainAccount,619bc4def8998b000187af39,PYR-USDT,BUY,LIMIT,27.4972,14.1388,388.77741136,388.77741136,2021-11-22 12:27:22,0.77755482272,,MAKER,USDT
****0219,mainAccount,619bc4def8998b000187af39,PYR-USDT,BUY,LIMIT,27.4972,0.9549,26.25707628,26.25707628,2021-11-22 12:27:24,0.05251415256,,MAKER,USDT
****0219,mainAccount,619bc4def8998b000187af39,PYR-USDT,BUY,LIMIT,27.4972,0.1432,3.93759904,3.93759904,2021-11-22 12:27:42,0.00787519808,,MAKER,USDT
****0219,mainAccount,619bc4def8998b000187af39,PYR-USDT,BUY,LIMIT,27.4972,0.3792,10.42693824,10.42693824,2021-11-22 12:28:29,0.02085387648,,MAKER,USDT
****0219,mainAccount,619bc4def8998b000187af39,PYR-USDT,BUY,LIMIT,27.4972,144.2076,3965.30521872,3965.30521872,2021-11-22 12:41:46,7.93061043744,,MAKER,USDT
****0219,mainAccount,619bc4def8998b000187af39,PYR-USDT,BUY,LIMIT,27.4972,2.4911,68.49827492,68.49827492,2021-11-22 12:52:52,0.13699654984,,MAKER,USDT
****0219,mainAccount,619bc4def8998b000187af39,PYR-USDT,BUY,LIMIT,27.4972,9.1746,252.27581112,252.27581112,2021-11-22 12:52:52,0.50455162224,,MAKER,USDT
****0219,mainAccount,619bc4def8998b000187af39,PYR-USDT,BUY,LIMIT,27.4972,9.1471,251.51963812,251.51963812,2021-11-22 12:52:52,0.50303927624,,MAKER,USDT
****0219,mainAccount,619bc4def8998b000187af39,PYR-USDT,BUY,LIMIT,27.4972,9.1194,250.75796568,250.75796568,2021-11-22 12:52:52,0.50151593136,,MAKER,USDT
****0219,mainAccount,619bc4def8998b000187af39,PYR-USDT,BUY,LIMIT,27.4972,18.3217,503.79544924,503.79544924,2021-11-22 12:52:53,1.00759089848,,MAKER,USDT
****0219,mainAccount,619bc4def8998b000187af39,PYR-USDT,BUY,LIMIT,27.4972,9.1194,250.75796568,250.75796568,2021-11-22 12:52:53,0.50151593136,,MAKER,USDT
****0219,mainAccount,619bc4def8998b000187af39,PYR-USDT,BUY,LIMIT,27.4972,9.1471,251.51963812,251.51963812,2021-11-22 12:52:53,0.50303927624,,MAKER,USDT
****0219,mainAccount,619bc4def8998b000187af39,PYR-USDT,BUY,LIMIT,27.4972,9.1746,252.27581112,252.27581112,2021-11-22 12:52:53,0.50455162224,,MAKER,USDT
****0219,mainAccount,619bc4def8998b000187af39,PYR-USDT,BUY,LIMIT,27.4972,2.8544,78.48800768,78.48800768,2021-11-22 12:52:54,0.15697601536,,MAKER,USDT
****0219,mainAccount,619bc4def8998b000187af39,PYR-USDT,BUY,LIMIT,27.4972,9.1194,250.75796568,250.75796568,2021-11-22 12:52:54,0.50151593136,,MAKER,USDT
****0219,mainAccount,619bc4def8998b000187af39,PYR-USDT,BUY,LIMIT,27.4972,6.265,172.269958,172.269958,2021-11-22 12:52:54,0.344539916,,MAKER,USDT
****0219,mainAccount,619bc4def8998b000187af39,PYR-USDT,BUY,LIMIT,27.4972,9.1194,250.75796568,250.75796568,2021-11-22 12:52:55,0.50151593136,,MAKER,USDT
****0219,mainAccount,619bc4def8998b000187af39,PYR-USDT,BUY,LIMIT,27.4972,9.0563,249.02289236,249.02289236,2021-11-22 12:53:00,0.49804578472,,MAKER,USDT
****0219,mainAccount,619bc4def8998b000187af39,PYR-USDT,BUY,LIMIT,27.4972,9.1194,250.75796568,250.75796568,2021-11-22 12:53:00,0.50151593136,,MAKER,USDT
****0219,mainAccount,619bc4def8998b000187af39,PYR-USDT,BUY,LIMIT,27.4972,9.1194,250.75796568,250.75796568,2021-11-22 12:53:01,0.50151593136,,MAKER,USDT
****0219,mainAccount,619bc4def8998b000187af39,PYR-USDT,BUY,LIMIT,27.4972,9.1194,250.75796568,250.75796568,2021-11-22 12:53:02,0.50151593136,,MAKER,USDT
****0219,mainAccount,619bc4def8998b000187af39,PYR-USDT,BUY,LIMIT,27.4972,9.1194,250.75796568,250.75796568,2021-11-22 12:53:03,0.50151593136,,MAKER,USDT
****0219,mainAccount,619bc4def8998b000187af39,PYR-USDT,BUY,LIMIT,27.4972,9.1194,250.75796568,250.75796568,2021-11-22 12:53:04,0.50151593136,,MAKER,USDT
****0219,mainAccount,619bc4def8998b000187af39,PYR-USDT,BUY,LIMIT,27.4972,6.2758,172.56692776,172.56692776,2021-11-22 12:53:05,0.34513385552,,MAKER,USDT
****0219,mainAccount,619bc4def8998b000187af39,PYR-USDT,BUY,LIMIT,27.4972,9.1194,250.75796568,250.75796568,2021-11-22 12:53:05,0.50151593136,,MAKER,USDT
****0219,mainAccount,619bc4def8998b000187af39,PYR-USDT,BUY,LIMIT,27.4972,2.8436,78.19103792,78.19103792,2021-11-22 12:53:05,0.15638207584,,MAKER,USDT
****0219,mainAccount,619bc4def8998b000187af39,PYR-USDT,BUY,LIMIT,27.4972,5.261,144.6627692,144.6627692,2021-11-22 12:53:06,0.2893255384,,MAKER,USDT
****0219,mainAccount,619bc4def8998b000187af39,PYR-USDT,BUY,LIMIT,27.4972,9.1194,250.75796568,250.75796568,2021-11-22 12:53:06,0.50151593136,,MAKER,USDT
****0219,mainAccount,619bc4def8998b000187af39,PYR-USDT,BUY,LIMIT,27.4972,1.5427,42.41993044,42.41993044,2021-11-22 12:53:13,0.08483986088,,MAKER,USDT
****0219,mainAccount,619bc4def8998b000187af39,PYR-USDT,BUY,LIMIT,27.4972,0.3428,9.42604016,9.42604016,2021-11-22 12:53:20,0.01885208032,,MAKER,USDT
****0219,mainAccount,619bc4def8998b000187af39,PYR-USDT,BUY,LIMIT,27.4972,362.5870337,9970.12818305564,9970.12818305564,2021-11-22 13:05:33,19.94025636611128,,MAKER,USDT
****0219,mainAccount,619bd4e8fe8b0300019ce09d,NAKA-USDT,BUY,LIMIT,4.2401,62.6272,265.54559072,265.54559072,2021-11-22 13:35:39,0.53109118144,,MAKER,USDT
****0219,mainAccount,619bd4e8fe8b0300019ce09d,NAKA-USDT,BUY,LIMIT,4.2401,481.9987,2043.72268787,2043.72268787,2021-11-22 13:36:03,4.08744537574,,MAKER,USDT
****0219,mainAccount,619bda491f92e1000194904f,PYR-USDT,BUY,LIMIT,27.875,620.01746751,17282.98690684125,17282.98690684125,2021-11-22 13:59:12,34.5659738136825,,MAKER,USDT
****0219,mainAccount,619bdb8e35ed8b0001c76b82,PYR-USDT,BUY,LIMIT,28.0,4.3528,121.8784,121.8784,2021-11-22 14:03:58,0.2437568,,TAKER,USDT
****0219,mainAccount,619bdb8e35ed8b0001c76b82,PYR-USDT,BUY,LIMIT,28.0,40.6529,1138.2812,1138.2812,2021-11-22 14:03:58,2.2765624,,TAKER,USDT
****0219,mainAccount,619bdb8e35ed8b0001c76b82,PYR-USDT,BUY,LIMIT,28.0,5.0797,142.2316,142.2316,2021-11-22 14:03:58,0.2844632,,TAKER,USDT
****0219,mainAccount,619bdb8e35ed8b0001c76b82,PYR-USDT,BUY,LIMIT,28.0,1.0,28.0,28.0,2021-11-22 14:03:58,0.056,,TAKER,USDT
****0219,mainAccount,619bdb8e35ed8b0001c76b82,PYR-USDT,BUY,LIMIT,28.0,465.9884,13047.6752,13047.6752,2021-11-22 14:03:58,26.0953504,,TAKER,USDT
****0219,mainAccount,619bdb8e35ed8b0001c76b82,PYR-USDT,BUY,LIMIT,28.0,18.4422,516.3816,516.3816,2021-11-22 14:03:58,1.0327632,,TAKER,USDT
****0219,mainAccount,619bdb8e35ed8b0001c76b82,PYR-USDT,BUY,LIMIT,28.0,2.8904,80.9312,80.9312,2021-11-22 14:03:58,0.1618624,,TAKER,USDT
****0219,mainAccount,619bdb8e35ed8b0001c76b82,PYR-USDT,BUY,LIMIT,28.0,13.9733,391.2524,391.2524,2021-11-22 14:03:58,0.7825048,,TAKER,USDT
****0219,mainAccount,619bdb8e35ed8b0001c76b82,PYR-USDT,BUY,LIMIT,27.9999,10.5847,296.37054153,296.37054153,2021-11-22 14:03:58,0.59274108306,,TAKER,USDT
****0219,mainAccount,619bdb8e35ed8b0001c76b82,PYR-USDT,BUY,LIMIT,28.0,1.4913,41.7564,41.7564,2021-11-22 14:03:58,0.0835128,,TAKER,USDT
****0219,mainAccount,619bdb8e35ed8b0001c76b82,PYR-USDT,BUY,LIMIT,28.0,17.24035227,482.72986356,482.72986356,2021-11-22 14:03:58,0.96545972712,,TAKER,USDT
****0219,mainAccount,619bdb8e35ed8b0001c76b82,PYR-USDT,BUY,LIMIT,28.0,388.10444773,10866.92453644,10866.92453644,2021-11-22 14:03:58,21.73384907288,,TAKER,USDT
****0219,mainAccount,619bdb8e35ed8b0001c76b82,PYR-USDT,BUY,LIMIT,28.0,0.3582,10.0296,10.0296,2021-11-22 14:03:58,0.0200592,,TAKER,USDT
****0219,mainAccount,619bdb8e35ed8b0001c76b82,PYR-USDT,BUY,LIMIT,28.0,3.0,84.0,84.0,2021-11-22 14:03:58,0.168,,TAKER,USDT
****0219,mainAccount,619bdb8e35ed8b0001c76b82,PYR-USDT,BUY,LIMIT,28.0,60.7402,1700.7256,1700.7256,2021-11-22 14:03:58,3.4014512,,TAKER,USDT
****0219,mainAccount,619bdb8e35ed8b0001c76b82,PYR-USDT,BUY,LIMIT,28.0,26.7811,749.8708,749.8708,2021-11-22 14:03:58,1.4997416,,TAKER,USDT
****0219,mainAccount,619bdb8e35ed8b0001c76b82,PYR-USDT,BUY,LIMIT,28.0,10.2984,288.3552,288.3552,2021-11-22 14:03:58,0.5767104,,TAKER,USDT
****0219,mainAccount,619bdb8e35ed8b0001c76b82,PYR-USDT,BUY,LIMIT,28.0,0.3236,9.0608,9.0608,2021-11-22 14:03:58,0.0181216,,TAKER,USDT
****0219,mainAccount,619ce14f9b0abc0001246214,IOI-USDT,BUY,LIMIT,4.0129,250.0,1003.225,1003.225,2021-11-23 08:41:43,2.00645,,MAKER,USDT
****0219,mainAccount,619e37fc7d3abc0001cdf412,LYXE-USDT,BUY,LIMIT,16.6,43.5613,723.11758,723.11758,2021-11-24 09:03:14,0.72311758,,MAKER,USDT
****0219,mainAccount,619eb02a941915000172e115,IOI-USDT,BUY,LIMIT,5.3426,0.7199,3.84613774,3.84613774,2021-11-24 17:35:38,0.00769227548,,TAKER,USDT
****0219,mainAccount,619eb02a941915000172e115,IOI-USDT,BUY,LIMIT,5.3464,0.2268,1.21256352,1.21256352,2021-11-24 17:35:38,0.00242512704,,TAKER,USDT
****0219,mainAccount,619eb02a941915000172e115,IOI-USDT,BUY,LIMIT,5.35,0.1666,0.89131,0.89131,2021-11-24 17:35:38,0.00178262,,MAKER,USDT
****0219,mainAccount,619eb02a941915000172e115,IOI-USDT,BUY,LIMIT,5.3426,0.1306,0.69774356,0.69774356,2021-11-24 17:35:38,0.00139548712,,TAKER,USDT
****0219,mainAccount,619eb02a941915000172e115,IOI-USDT,BUY,LIMIT,5.35,0.1229,0.657515,0.657515,2021-11-24 17:35:38,0.00131503,,TAKER,USDT
****0219,mainAccount,619eb02a941915000172e115,IOI-USDT,BUY,LIMIT,5.3406,0.1479,0.78987474,0.78987474,2021-11-24 17:35:38,0.00157974948,,TAKER,USDT
****0219,mainAccount,619eb02a941915000172e115,IOI-USDT,BUY,LIMIT,5.35,2.48,13.268,13.268,2021-11-24 17:35:38,0.026536,,MAKER,USDT
****0219,mainAccount,619eb02a941915000172e115,IOI-USDT,BUY,LIMIT,5.35,2.5394,13.58579,13.58579,2021-11-24 17:35:38,0.02717158,,MAKER,USDT
****0219,mainAccount,619eb02a941915000172e115,IOI-USDT,BUY,LIMIT,5.35,116.43723085,622.9391850475,622.9391850475,2021-11-24 17:35:38,1.245878370095,,TAKER,USDT
****0219,mainAccount,619eb02a941915000172e115,IOI-USDT,BUY,LIMIT,5.348,1.4478,7.7428344,7.7428344,2021-11-24 17:35:38,0.0154856688,,TAKER,USDT
****0219,mainAccount,619eb02a941915000172e115,IOI-USDT,BUY,LIMIT,5.35,2.3368,12.50188,12.50188,2021-11-24 17:35:40,0.02500376,,MAKER,USDT
****0219,mainAccount,619eb02a941915000172e115,IOI-USDT,BUY,LIMIT,5.35,0.3858,2.06403,2.06403,2021-11-24 17:35:40,0.00412806,,MAKER,USDT
****0219,mainAccount,619eb02a941915000172e115,IOI-USDT,BUY,LIMIT,5.35,2.3391,12.514185,12.514185,2021-11-24 17:35:41,0.02502837,,MAKER,USDT
****0219,mainAccount,619eb02a941915000172e115,IOI-USDT,BUY,LIMIT,5.35,1.4402,7.70507,7.70507,2021-11-24 17:35:41,0.01541014,,MAKER,USDT
****0219,mainAccount,619eb02a941915000172e115,IOI-USDT,BUY,LIMIT,5.35,0.3862,2.06617,2.06617,2021-11-24 17:35:42,0.00413234,,MAKER,USDT
****0219,mainAccount,619eb02a941915000172e115,IOI-USDT,BUY,LIMIT,5.35,1.4417,7.713095,7.713095,2021-11-24 17:35:42,0.01542619,,MAKER,USDT
****0219,mainAccount,619eb02a941915000172e115,IOI-USDT,BUY,LIMIT,5.35,1.2744,6.81804,6.81804,2021-11-24 17:35:43,0.01363608,,MAKER,USDT
****0219,mainAccount,619eb02a941915000172e115,IOI-USDT,BUY,LIMIT,5.35,1.2757,6.824995,6.824995,2021-11-24 17:35:43,0.01364999,,MAKER,USDT
****0219,mainAccount,619eb02a941915000172e115,IOI-USDT,BUY,LIMIT,5.35,1.4466,7.73931,7.73931,2021-11-24 17:35:43,0.01547862,,MAKER,USDT
****0219,mainAccount,619eb02a941915000172e115,IOI-USDT,BUY,LIMIT,5.35,1.4451,7.731285,7.731285,2021-11-24 17:35:43,0.01546257,,MAKER,USDT
****0219,mainAccount,619eb02a941915000172e115,IOI-USDT,BUY,LIMIT,5.35,0.1288,0.68908,0.68908,2021-11-24 17:35:44,0.00137816,,MAKER,USDT
****0219,mainAccount,619eb02a941915000172e115,IOI-USDT,BUY,LIMIT,5.35,0.1289,0.689615,0.689615,2021-11-24 17:35:44,0.00137923,,MAKER,USDT
****0219,mainAccount,619eb02a941915000172e115,IOI-USDT,BUY,LIMIT,5.35,61.55156915,329.3008949525,329.3008949525,2021-11-24 17:35:46,0.658601789905,,MAKER,USDT
****0219,mainAccount,619f26936573fc000159c4bd,LYXE-USDT,BUY,LIMIT,18.28136,14.0,255.93904,255.93904,2021-11-25 02:09:04,0.25593904,,MAKER,USDT
****0219,mainAccount,619ce9327040530001e38d57,PYR-USDT,SELL,LIMIT,35.0,115.0,4025.0,4025.0,2021-11-25 23:46:58,8.05,,MAKER,USDT
****0219,mainAccount,61a0d83b7d3abc00012a7460,AIOZ-USDT,BUY,LIMIT,0.7598,1500.0,1139.7,1139.7,2021-11-26 08:51:46,2.2794,,MAKER,USDT
****0219,mainAccount,619cddcf7040530001b8f634,PYR-USDT,SELL,LIMIT,40.0,125.0,5000.0,5000.0,2021-11-26 14:13:59,10.0,,MAKER,USDT
****0219,mainAccount,61a14b0eee688b000190f03d,QRDO-USDT,BUY,LIMIT,6.7999,171.2158,1164.25031842,1164.25031842,2021-11-26 17:01:28,2.32850063684,,MAKER,USDT
****0219,mainAccount,61a14b0eee688b000190f03d,QRDO-USDT,BUY,LIMIT,6.7999,9.999,67.9922001,67.9922001,2021-11-26 17:07:34,0.1359844002,,MAKER,USDT
****0219,mainAccount,61a14b0eee688b000190f03d,QRDO-USDT,BUY,LIMIT,6.7999,220.0,1495.978,1495.978,2021-11-26 17:08:48,2.991956,,MAKER,USDT
****0219,mainAccount,61a14b0eee688b000190f03d,QRDO-USDT,BUY,LIMIT,6.7999,1.5947,10.84380053,10.84380053,2021-11-26 17:08:58,0.02168760106,,MAKER,USDT
****0219,mainAccount,61a14b0eee688b000190f03d,QRDO-USDT,BUY,LIMIT,6.7999,1.4668,9.97409332,9.97409332,2021-11-26 17:08:58,0.01994818664,,MAKER,USDT
****0219,mainAccount,61a14b0eee688b000190f03d,QRDO-USDT,BUY,LIMIT,6.7999,1.586,10.7846414,10.7846414,2021-11-26 17:08:59,0.0215692828,,MAKER,USDT
****0219,mainAccount,61a14b0eee688b000190f03d,QRDO-USDT,BUY,LIMIT,6.7999,1.4714,10.00537286,10.00537286,2021-11-26 17:08:59,0.02001074572,,MAKER,USDT
****0219,mainAccount,61a14b0eee688b000190f03d,QRDO-USDT,BUY,LIMIT,6.7999,592.6663,4030.07157337,4030.07157337,2021-11-26 17:09:00,8.06014314674,,MAKER,USDT
****0219,mainAccount,61a16ab15cd48000016e6ad7,TOKO-USDT,BUY,LIMIT,0.07014,1195.9716,83.885448024,83.885448024,2021-11-26 19:16:04,0.083885448024,,MAKER,USDT
****0219,mainAccount,61a16ab15cd48000016e6ad7,TOKO-USDT,BUY,LIMIT,0.07014,21318.0,1495.24452,1495.24452,2021-11-26 19:16:22,1.49524452,,MAKER,USDT
****0219,mainAccount,61a16ab15cd48000016e6ad7,TOKO-USDT,BUY,LIMIT,0.07014,2027.2737,142.192977318,142.192977318,2021-11-26 19:16:39,0.142192977318,,MAKER,USDT
****0219,mainAccount,61a16ab15cd48000016e6ad7,TOKO-USDT,BUY,LIMIT,0.07014,57.755,4.0509357,4.0509357,2021-11-26 19:18:09,0.0040509357,,MAKER,USDT
****0219,mainAccount,61a16ab15cd48000016e6ad7,TOKO-USDT,BUY,LIMIT,0.07014,113.1693,7.937694702,7.937694702,2021-11-26 19:18:20,0.007937694702,,MAKER,USDT
****0219,mainAccount,61a16ab15cd48000016e6ad7,TOKO-USDT,BUY,LIMIT,0.07014,57.6967,4.046846538,4.046846538,2021-11-26 19:18:20,0.004046846538,,MAKER,USDT
****0219,mainAccount,61a16ab15cd48000016e6ad7,TOKO-USDT,BUY,LIMIT,0.07014,57.6385,4.04276439,4.04276439,2021-11-26 19:18:41,0.00404276439,,MAKER,USDT
****0219,mainAccount,61a16ab15cd48000016e6ad7,TOKO-USDT,BUY,LIMIT,0.07014,169.3892,11.880958488,11.880958488,2021-11-26 19:18:54,0.011880958488,,MAKER,USDT
****0219,mainAccount,61a16ab15cd48000016e6ad7,TOKO-USDT,BUY,LIMIT,0.07014,57.5805,4.03869627,4.03869627,2021-11-26 19:18:54,0.00403869627,,MAKER,USDT
****0219,mainAccount,61a16ab15cd48000016e6ad7,TOKO-USDT,BUY,LIMIT,0.07014,636.9839,44.678050746,44.678050746,2021-11-26 19:18:55,0.044678050746,,MAKER,USDT
****0219,mainAccount,61a16ab15cd48000016e6ad7,TOKO-USDT,BUY,LIMIT,0.07014,43.8904,3.078472656,3.078472656,2021-11-26 19:20:00,0.003078472656,,MAKER,USDT
****0219,mainAccount,61a16ab15cd48000016e6ad7,TOKO-USDT,BUY,LIMIT,0.07014,1000.0,70.14,70.14,2021-11-26 19:21:58,0.07014,,MAKER,USDT
****0219,mainAccount,61a16ab15cd48000016e6ad7,TOKO-USDT,BUY,LIMIT,0.07014,2000.0,140.28,140.28,2021-11-26 19:22:38,0.14028,,MAKER,USDT
****0219,mainAccount,61a16ab15cd48000016e6ad7,TOKO-USDT,BUY,LIMIT,0.07014,30796.7916,2160.086962824,2160.086962824,2021-11-26 19:22:38,2.160086962824,,MAKER,USDT
****0219,mainAccount,61a16ab15cd48000016e6ad7,TOKO-USDT,BUY,LIMIT,0.07014,8903.669,624.50334366,624.50334366,2021-11-26 19:22:38,0.62450334366,,MAKER,USDT
****0219,mainAccount,61a16ab15cd48000016e6ad7,TOKO-USDT,BUY,LIMIT,0.07014,30082.1245,2109.96021243,2109.96021243,2021-11-26 19:22:38,2.10996021243,,MAKER,USDT
****0219,mainAccount,61a16ab15cd48000016e6ad7,TOKO-USDT,BUY,LIMIT,0.07014,2000.0,140.28,140.28,2021-11-26 19:22:39,0.14028,,MAKER,USDT
****0219,mainAccount,61a16ab15cd48000016e6ad7,TOKO-USDT,BUY,LIMIT,0.07014,6992.6713,490.465964982,490.465964982,2021-11-26 19:23:42,0.490465964982,,MAKER,USDT
****0219,mainAccount,61a16ab15cd48000016e6ad7,TOKO-USDT,BUY,LIMIT,0.07014,57.2919,4.018453866,4.018453866,2021-11-26 19:26:31,0.004018453866,,MAKER,USDT
****0219,mainAccount,61a16ab15cd48000016e6ad7,TOKO-USDT,BUY,LIMIT,0.07014,595.1935,41.74687209,41.74687209,2021-11-26 19:26:41,0.04174687209,,MAKER,USDT
****0219,mainAccount,61a16ab15cd48000016e6ad7,TOKO-USDT,BUY,LIMIT,0.07014,32836.9094,2303.180825316,2303.180825316,2021-11-26 19:27:06,2.303180825316,,MAKER,USDT
****0219,mainAccount,61a22becfbade600016c722c,SOUL-USDT,BUY,LIMIT,2.8957,63.0,182.4291,182.4291,2021-11-27 09:00:28,0.1824291,,TAKER,USDT
****0219,mainAccount,61a241c19b0abc00017991ee,PIVX-USDT,BUY,LIMIT,0.788,0.8473,0.6676724,0.6676724,2021-11-27 10:45:14,0.0006676724,,MAKER,USDT
****0219,mainAccount,61a241c19b0abc00017991ee,PIVX-USDT,BUY,LIMIT,0.788,0.0205,0.016154,0.016154,2021-11-27 10:45:14,1.6154e-05,,MAKER,USDT
****0219,mainAccount,61a241c19b0abc00017991ee,PIVX-USDT,BUY,LIMIT,0.788,0.4757,0.3748516,0.3748516,2021-11-27 10:45:49,0.0003748516,,MAKER,USDT
****0219,mainAccount,61a241c19b0abc00017991ee,PIVX-USDT,BUY,LIMIT,0.788,1.8161,1.4310868,1.4310868,2021-11-27 10:46:02,0.0014310868,,MAKER,USDT
****0219,mainAccount,61a241c19b0abc00017991ee,PIVX-USDT,BUY,LIMIT,0.788,636.36,501.45168,501.45168,2021-11-27 10:46:37,0.50145168,,MAKER,USDT
****0219,mainAccount,61a241c19b0abc00017991ee,PIVX-USDT,BUY,LIMIT,0.788,0.4873,0.3839924,0.3839924,2021-11-27 10:46:46,0.0003839924,,MAKER,USDT
****0219,mainAccount,61a241c19b0abc00017991ee,PIVX-USDT,BUY,LIMIT,0.788,0.1804,0.1421552,0.1421552,2021-11-27 10:47:21,0.0001421552,,MAKER,USDT
****0219,mainAccount,61a241c19b0abc00017991ee,PIVX-USDT,BUY,LIMIT,0.788,19.0832,15.0375616,15.0375616,2021-11-27 10:49:14,0.0150375616,,MAKER,USDT
****0219,mainAccount,61a241c19b0abc00017991ee,PIVX-USDT,BUY,LIMIT,0.788,12.7583,10.0535404,10.0535404,2021-11-27 10:49:14,0.0100535404,,MAKER,USDT
****0219,mainAccount,61a241c19b0abc00017991ee,PIVX-USDT,BUY,LIMIT,0.788,7.5184,5.9244992,5.9244992,2021-11-27 10:49:16,0.0059244992,,MAKER,USDT
****0219,mainAccount,61a241c19b0abc00017991ee,PIVX-USDT,BUY,LIMIT,0.788,0.596,0.469648,0.469648,2021-11-27 10:49:45,0.000469648,,MAKER,USDT
****0219,mainAccount,61a241c19b0abc00017991ee,PIVX-USDT,BUY,LIMIT,0.788,0.1355,0.106774,0.106774,2021-11-27 10:49:46,0.000106774,,MAKER,USDT
****0219,mainAccount,61a241c19b0abc00017991ee,PIVX-USDT,BUY,LIMIT,0.788,0.0354,0.0278952,0.0278952,2021-11-27 10:50:30,2.78952e-05,,MAKER,USDT
****0219,mainAccount,61a241c19b0abc00017991ee,PIVX-USDT,BUY,LIMIT,0.788,0.0318,0.0250584,0.0250584,2021-11-27 10:51:29,2.50584e-05,,MAKER,USDT
****0219,mainAccount,61a241c19b0abc00017991ee,PIVX-USDT,BUY,LIMIT,0.788,0.0316,0.0249008,0.0249008,2021-11-27 10:52:09,2.49008e-05,,MAKER,USDT
****0219,mainAccount,61a241c19b0abc00017991ee,PIVX-USDT,BUY,LIMIT,0.788,0.0176,0.0138688,0.0138688,2021-11-27 10:52:17,1.38688e-05,,MAKER,USDT
****0219,mainAccount,61a241c19b0abc00017991ee,PIVX-USDT,BUY,LIMIT,0.788,0.0375,0.02955,0.02955,2021-11-27 10:52:54,2.955e-05,,MAKER,USDT
****0219,mainAccount,61a241c19b0abc00017991ee,PIVX-USDT,BUY,LIMIT,0.788,0.1903,0.1499564,0.1499564,2021-11-27 10:53:22,0.0001499564,,MAKER,USDT
****0219,mainAccount,61a241c19b0abc00017991ee,PIVX-USDT,BUY,LIMIT,0.788,0.0584,0.0460192,0.0460192,2021-11-27 10:53:29,4.60192e-05,,MAKER,USDT
****0219,mainAccount,61a241c19b0abc00017991ee,PIVX-USDT,BUY,LIMIT,0.788,7.4091,5.8383708,5.8383708,2021-11-27 10:53:34,0.0058383708,,MAKER,USDT
****0219,mainAccount,61a241c19b0abc00017991ee,PIVX-USDT,BUY,LIMIT,0.788,22.4071,17.6567948,17.6567948,2021-11-27 10:53:34,0.0176567948,,MAKER,USDT
****0219,mainAccount,61a241c19b0abc00017991ee,PIVX-USDT,BUY,LIMIT,0.788,589.5025,464.52797,464.52797,2021-11-27 10:53:38,0.46452797,,MAKER,USDT
****0219,mainAccount,61a264797040530001903955,FLAME-USDT,BUY,LIMIT,2.694,1000.0,2694.0,2694.0,2021-11-27 13:01:45,5.388,,TAKER,USDT
****0219,mainAccount,61a2669a14f46c0001c9e416,SOUL-USDT,BUY,LIMIT,2.9782,50.5543,150.56081626,150.56081626,2021-11-27 13:11:51,0.15056081626,,MAKER,USDT
****0219,mainAccount,61a2669a14f46c0001c9e416,SOUL-USDT,BUY,LIMIT,2.9782,449.4457,1338.53918374,1338.53918374,2021-11-27 13:14:22,1.33853918374,,MAKER,USDT
****0219,mainAccount,61a4e261ee688b0001288bdc,VRA-USDT,BUY,LIMIT,0.05849142,55586.8036,3251.351075825112,3251.351075825112,2021-11-29 10:23:55,3.251351075825112,,MAKER,USDT
****0219,mainAccount,61a4e261ee688b0001288bdc,VRA-USDT,BUY,LIMIT,0.05849142,45174.2681,2642.307088629702,2642.307088629702,2021-11-29 10:24:07,2.642307088629702,,MAKER,USDT
****0219,mainAccount,61a4e261ee688b0001288bdc,VRA-USDT,BUY,LIMIT,0.05849142,31796.5789,1859.827051003038,1859.827051003038,2021-11-29 10:24:08,1.859827051003038,,MAKER,USDT
****0219,mainAccount,61a4e261ee688b0001288bdc,VRA-USDT,BUY,LIMIT,0.05849142,6732.2368,393.778090208256,393.778090208256,2021-11-29 10:24:10,0.393778090208256,,MAKER,USDT
****0219,mainAccount,61a4e261ee688b0001288bdc,VRA-USDT,BUY,LIMIT,0.05849142,14625.3812,855.459314429304,855.459314429304,2021-11-29 10:24:11,0.855459314429304,,MAKER,USDT
****0219,mainAccount,61a4e261ee688b0001288bdc,VRA-USDT,BUY,LIMIT,0.05849142,2142.1606,125.298015362052,125.298015362052,2021-11-29 10:24:12,0.125298015362052,,MAKER,USDT
****0219,mainAccount,61a4e261ee688b0001288bdc,VRA-USDT,BUY,LIMIT,0.05849142,16485.9202,964.284882504684,964.284882504684,2021-11-29 10:24:22,0.964284882504684,,MAKER,USDT
****0219,mainAccount,61a4e261ee688b0001288bdc,VRA-USDT,BUY,LIMIT,0.05849142,696.6506,40.748082837852,40.748082837852,2021-11-29 10:24:23,0.040748082837852,,MAKER,USDT
****0219,mainAccount,61a4fbdbf7a6ad0001b8d62e,RNDR-USDT,BUY,LIMIT,6.4519,344.7962,2224.59060278,2224.59060278,2021-11-29 12:13:07,4.44918120556,,MAKER,USDT
****0219,mainAccount,61a517297d3abc00016521cd,QRDO-USDT,SELL,LIMIT,8.0,200.0,1600.0,1600.0,2021-12-01 15:46:54,3.2,,MAKER,USDT
****0219,mainAccount,61a8d0aac3130f0001f09f34,ALBT-USDT,BUY,LIMIT,0.66733,381.4039,254.522264587,254.522264587,2021-12-02 09:57:55,0.509044529174,,MAKER,USDT
****0219,mainAccount,61a8d0aac3130f0001f09f34,ALBT-USDT,BUY,LIMIT,0.66733,269.9239,180.128316187,180.128316187,2021-12-02 09:58:43,0.360256632374,,MAKER,USDT
****0219,mainAccount,61a8d0aac3130f0001f09f34,ALBT-USDT,BUY,LIMIT,0.66733,2.0,1.33466,1.33466,2021-12-02 09:58:49,0.00266932,,MAKER,USDT
****0219,mainAccount,61a8d0aac3130f0001f09f34,ALBT-USDT,BUY,LIMIT,0.66733,137.2822,91.612530526,91.612530526,2021-12-02 10:19:15,0.183225061052,,MAKER,USDT
****0219,mainAccount,61a8d0aac3130f0001f09f34,ALBT-USDT,BUY,LIMIT,0.66733,2.0,1.33466,1.33466,2021-12-02 10:19:29,0.00266932,,MAKER,USDT
****0219,mainAccount,61a8d0aac3130f0001f09f34,ALBT-USDT,BUY,LIMIT,0.66733,274.1604,182.955459732,182.955459732,2021-12-02 10:20:32,0.365910919464,,MAKER,USDT
****0219,mainAccount,61a8d0aac3130f0001f09f34,ALBT-USDT,BUY,LIMIT,0.66733,273.4108,182.455229164,182.455229164,2021-12-02 10:21:49,0.364910458328,,MAKER,USDT
****0219,mainAccount,61a8d0aac3130f0001f09f34,ALBT-USDT,BUY,LIMIT,0.66733,2.0,1.33466,1.33466,2021-12-02 10:23:06,0.00266932,,MAKER,USDT
****0219,mainAccount,61a8d0aac3130f0001f09f34,ALBT-USDT,BUY,LIMIT,0.66733,157.8188,105.317219804,105.317219804,2021-12-02 10:23:06,0.210634439608,,MAKER,USDT
****0219,mainAccount,61a8fced0cfe8300015dddee,EQZ-USDT,BUY,LIMIT,0.368,152.5821,56.1502128,56.1502128,2021-12-02 13:06:01,0.1123004256,,MAKER,USDT
****0219,mainAccount,61a8fd5c292c1800010d3d29,LUNA-USDT,BUY,LIMIT,64.5817,2.0,129.1634,129.1634,2021-12-02 13:07:40,0.1291634,,TAKER,USDT
****0219,mainAccount,61a8fd5c292c1800010d3d29,LUNA-USDT,BUY,LIMIT,64.6057,0.1457,9.41305049,9.41305049,2021-12-02 13:07:40,0.00941305049,,TAKER,USDT
****0219,mainAccount,61a8fd5c292c1800010d3d29,LUNA-USDT,BUY,LIMIT,64.6035,2.0,129.207,129.207,2021-12-02 13:07:40,0.129207,,TAKER,USDT
****0219,mainAccount,61a8fd5c292c1800010d3d29,LUNA-USDT,BUY,LIMIT,64.6099,2.0,129.2198,129.2198,2021-12-02 13:07:40,0.1292198,,TAKER,USDT
****0219,mainAccount,61a8fd5c292c1800010d3d29,LUNA-USDT,BUY,LIMIT,64.6279,21.4831,1388.40763849,1388.40763849,2021-12-02 13:07:40,1.38840763849,,MAKER,USDT
****0219,mainAccount,61a8fd5c292c1800010d3d29,LUNA-USDT,BUY,LIMIT,64.6133,46.4192,2999.29769536,2999.29769536,2021-12-02 13:07:40,2.99929769536,,TAKER,USDT
****0219,mainAccount,61a8fd5c292c1800010d3d29,LUNA-USDT,BUY,LIMIT,64.5865,1.152,74.403648,74.403648,2021-12-02 13:07:40,0.074403648,,TAKER,USDT
****0219,mainAccount,61a8fd5c292c1800010d3d29,LUNA-USDT,BUY,LIMIT,64.5864,0.2,12.91728,12.91728,2021-12-02 13:07:40,0.01291728,,TAKER,USDT
****0219,mainAccount,61a8fced0cfe8300015dddee,EQZ-USDT,BUY,LIMIT,0.368,593.0,218.224,218.224,2021-12-02 13:09:22,0.436448,,MAKER,USDT
****0219,mainAccount,61a8fced0cfe8300015dddee,EQZ-USDT,BUY,LIMIT,0.368,3.2904,1.2108672,1.2108672,2021-12-03 13:14:27,0.0024217344,,MAKER,USDT
****0219,mainAccount,61a8fced0cfe8300015dddee,EQZ-USDT,BUY,LIMIT,0.368,400.0,147.2,147.2,2021-12-03 13:15:01,0.2944,,MAKER,USDT
****0219,mainAccount,61aa511f0cfe8300014188c0,UOS-USDT,BUY,LIMIT,1.60449,300.0,481.347,481.347,2021-12-03 13:18:52,0.962694,,MAKER,USDT
****0219,mainAccount,61a8fced0cfe8300015dddee,EQZ-USDT,BUY,LIMIT,0.368,28.388,10.446784,10.446784,2021-12-03 13:24:40,0.020893568,,MAKER,USDT
****0219,mainAccount,61a8fced0cfe8300015dddee,EQZ-USDT,BUY,LIMIT,0.368,27.0,9.936,9.936,2021-12-03 13:46:59,0.019872,,MAKER,USDT
****0219,mainAccount,61a8fced0cfe8300015dddee,EQZ-USDT,BUY,LIMIT,0.368,35.0,12.88,12.88,2021-12-03 13:49:56,0.02576,,MAKER,USDT
****0219,mainAccount,61a8fced0cfe8300015dddee,EQZ-USDT,BUY,LIMIT,0.368,14.2323,5.2374864,5.2374864,2021-12-03 13:50:44,0.0104749728,,MAKER,USDT
****0219,mainAccount,61a8fced0cfe8300015dddee,EQZ-USDT,BUY,LIMIT,0.368,37.6081,13.8397808,13.8397808,2021-12-03 14:01:32,0.0276795616,,MAKER,USDT
****0219,mainAccount,61a8fced0cfe8300015dddee,EQZ-USDT,BUY,LIMIT,0.368,4158.8991,1530.4748688,1530.4748688,2021-12-03 14:07:53,3.0609497376,,MAKER,USDT
****0219,mainAccount,61aa69637d3abc0001739121,UOS-USDT,BUY,LIMIT,1.66977,63.5508,106.115219316,106.115219316,2021-12-03 15:00:51,0.212230438632,,TAKER,USDT
****0219,mainAccount,61aa69637d3abc0001739121,UOS-USDT,BUY,LIMIT,1.66977,0.1047,0.174824919,0.174824919,2021-12-03 15:00:51,0.000349649838,,TAKER,USDT
****0219,mainAccount,61aa69637d3abc0001739121,UOS-USDT,BUY,LIMIT,1.66977,7.619e-05,0.0001272197763,0.0001272197763,2021-12-03 15:00:51,2.544395526e-07,,MAKER,USDT
****0219,mainAccount,61aa69637d3abc0001739121,UOS-USDT,BUY,LIMIT,1.66977,26.63482381,44.4740297532237,44.4740297532237,2021-12-03 15:00:51,0.0889480595064474,,TAKER,USDT
****0219,mainAccount,61aa69637d3abc0001739121,UOS-USDT,BUY,LIMIT,1.66977,1562.4303,2608.899242031,2608.899242031,2021-12-03 15:00:51,5.217798484062,,MAKER,USDT
****0219,mainAccount,61aa6c10fbade60001dc23fa,PYR-USDT,BUY,LIMIT,34.0,26.8395,912.543,912.543,2021-12-03 15:29:35,1.825086,,MAKER,USDT
****0219,mainAccount,61aa511f0cfe8300014188c0,UOS-USDT,BUY,LIMIT,1.60449,1232.9418,1978.242788682,1978.242788682,2021-12-03 15:36:19,3.956485577364,,MAKER,USDT
****0219,mainAccount,61aa76a20cfe830001f549e9,PYR-USDT,BUY,LIMIT,32.5,90.0,2925.0,2925.0,2021-12-03 16:18:45,5.85,,MAKER,USDT
****0219,mainAccount,61aa87c99b0abc000150c229,NAKA-USDT,BUY,LIMIT,4.4296,228.97453796,1014.265613347616,1014.265613347616,2021-12-03 17:10:33,2.028531226695232,,TAKER,USDT
****0219,mainAccount,61aa87c99b0abc000150c229,NAKA-USDT,BUY,LIMIT,4.4296,222.40776204,985.177422732384,985.177422732384,2021-12-03 17:10:33,1.970354845464768,,TAKER,USDT
****0219,mainAccount,61aa87c99b0abc000150c229,NAKA-USDT,BUY,LIMIT,4.4296,0.1257,0.55680072,0.55680072,2021-12-03 17:10:33,0.00111360144,,TAKER,USDT
****0219,mainAccount,61aac8bec3130f0001e190e6,KDA-USDT,BUY,LIMIT,13.911,23.1454,321.9756594,321.9756594,2021-12-03 21:48:47,0.6439513188,,MAKER,USDT
****0219,mainAccount,61aac8bec3130f0001e190e6,KDA-USDT,BUY,LIMIT,13.911,26.8546,373.5743406,373.5743406,2021-12-03 21:48:47,0.7471486812,,MAKER,USDT
****0219,mainAccount,61aad2eff7a6ad000135a945,RFOX-USDT,BUY,LIMIT,0.19388,1577.7038,305.885212744,305.885212744,2021-12-03 22:31:11,0.611770425488,,TAKER,USDT
****0219,mainAccount,61aad2eff7a6ad000135a945,RFOX-USDT,BUY,LIMIT,0.19381,676.6824,131.147815944,131.147815944,2021-12-03 22:31:11,0.262295631888,,TAKER,USDT
****0219,mainAccount,61aad2eff7a6ad000135a945,RFOX-USDT,BUY,LIMIT,0.19392,333.9296,64.755628032,64.755628032,2021-12-03 22:31:11,0.129511256064,,TAKER,USDT
****0219,mainAccount,61aad2eff7a6ad000135a945,RFOX-USDT,BUY,LIMIT,0.19393,4208.836,816.21956548,816.21956548,2021-12-03 22:31:11,1.63243913096,,TAKER,USDT
****0219,mainAccount,61aadf2fc3130f0001380f80,EGLD-USDT,BUY,LIMIT,331.68,2.859,948.27312,948.27312,2021-12-03 23:23:41,0.94827312,,MAKER,USDT
****0219,mainAccount,61aadf2fc3130f0001380f80,EGLD-USDT,BUY,LIMIT,331.68,0.141,46.76688,46.76688,2021-12-03 23:24:07,0.04676688,,MAKER,USDT
****0219,mainAccount,61aae9bd0cfe8300010b62f8,UOS-USDT,BUY,LIMIT,1.54082,75.0,115.5615,115.5615,2021-12-04 00:08:31,0.231123,,MAKER,USDT
****0219,mainAccount,61aaf64e9b0abc000135e191,PYR-USDT,BUY,LIMIT,30.8837,0.2154,6.65234898,6.65234898,2021-12-04 01:02:07,0.01330469796,,MAKER,USDT
****0219,mainAccount,61aaf64e9b0abc000135e191,PYR-USDT,BUY,LIMIT,30.8837,0.1562,4.82403394,4.82403394,2021-12-04 01:02:08,0.00964806788,,MAKER,USDT
****0219,mainAccount,61aaf64e9b0abc000135e191,PYR-USDT,BUY,LIMIT,30.8837,0.1718,5.30581966,5.30581966,2021-12-04 01:02:09,0.01061163932,,MAKER,USDT
****0219,mainAccount,61aaf64e9b0abc000135e191,PYR-USDT,BUY,LIMIT,30.8837,0.1959,6.05011683,6.05011683,2021-12-04 01:02:10,0.01210023366,,MAKER,USDT
****0219,mainAccount,61aaf64e9b0abc000135e191,PYR-USDT,BUY,LIMIT,30.8837,0.2557,7.89696209,7.89696209,2021-12-04 01:02:11,0.01579392418,,MAKER,USDT
****0219,mainAccount,61aaf64e9b0abc000135e191,PYR-USDT,BUY,LIMIT,30.8837,1.0559,32.61009883,32.61009883,2021-12-04 01:02:14,0.06522019766,,MAKER,USDT
****0219,mainAccount,61aaf64e9b0abc000135e191,PYR-USDT,BUY,LIMIT,30.8837,0.1267,3.91296479,3.91296479,2021-12-04 01:02:14,0.00782592958,,MAKER,USDT
****0219,mainAccount,61aaf64e9b0abc000135e191,PYR-USDT,BUY,LIMIT,30.8837,0.1462,4.51519694,4.51519694,2021-12-04 01:02:14,0.00903039388,,MAKER,USDT
****0219,mainAccount,61aaf64e9b0abc000135e191,PYR-USDT,BUY,LIMIT,30.8837,0.1543,4.76535491,4.76535491,2021-12-04 01:02:15,0.00953070982,,MAKER,USDT
****0219,mainAccount,61aaf64e9b0abc000135e191,PYR-USDT,BUY,LIMIT,30.8837,0.1254,3.87281598,3.87281598,2021-12-04 01:02:17,0.00774563196,,MAKER,USDT
****0219,mainAccount,61aaf64e9b0abc000135e191,PYR-USDT,BUY,LIMIT,30.8837,0.3103,9.58321211,9.58321211,2021-12-04 01:02:17,0.01916642422,,MAKER,USDT
****0219,mainAccount,61aaf64e9b0abc000135e191,PYR-USDT,BUY,LIMIT,30.8837,1.5844,48.93213428,48.93213428,2021-12-04 01:02:18,0.09786426856,,MAKER,USDT
****0219,mainAccount,61aaf64e9b0abc000135e191,PYR-USDT,BUY,LIMIT,30.8837,0.1812,5.59612644,5.59612644,2021-12-04 01:02:19,0.01119225288,,MAKER,USDT
****0219,mainAccount,61aaf64e9b0abc000135e191,PYR-USDT,BUY,LIMIT,30.8837,0.1233,3.80796021,3.80796021,2021-12-04 01:02:19,0.00761592042,,MAKER,USDT
****0219,mainAccount,61aaf64e9b0abc000135e191,PYR-USDT,BUY,LIMIT,30.8837,0.2696,8.32624552,8.32624552,2021-12-04 01:02:20,0.01665249104,,MAKER,USDT
****0219,mainAccount,61aaf64e9b0abc000135e191,PYR-USDT,BUY,LIMIT,30.8837,0.1471,4.54299227,4.54299227,2021-12-04 01:02:20,0.00908598454,,MAKER,USDT
****0219,mainAccount,61aaf64e9b0abc000135e191,PYR-USDT,BUY,LIMIT,30.8837,0.3596,11.10577852,11.10577852,2021-12-04 01:02:20,0.02221155704,,MAKER,USDT
****0219,mainAccount,61aaf64e9b0abc000135e191,PYR-USDT,BUY,LIMIT,30.8837,0.5306,16.38689122,16.38689122,2021-12-04 01:02:23,0.03277378244,,MAKER,USDT
****0219,mainAccount,61aaf64e9b0abc000135e191,PYR-USDT,BUY,LIMIT,30.8837,16.3494,504.92996478,504.92996478,2021-12-04 01:02:23,1.00985992956,,MAKER,USDT
****0219,mainAccount,61aaf64e9b0abc000135e191,PYR-USDT,BUY,LIMIT,30.8837,0.1549,4.78388513,4.78388513,2021-12-04 01:02:23,0.00956777026,,MAKER,USDT
****0219,mainAccount,61aaf64e9b0abc000135e191,PYR-USDT,BUY,LIMIT,30.8837,0.1375,4.24650875,4.24650875,2021-12-04 01:02:24,0.0084930175,,MAKER,USDT
****0219,mainAccount,61aaf64e9b0abc000135e191,PYR-USDT,BUY,LIMIT,30.8837,0.2201,6.79750237,6.79750237,2021-12-04 01:02:24,0.01359500474,,MAKER,USDT
****0219,mainAccount,61aaf64e9b0abc000135e191,PYR-USDT,BUY,LIMIT,30.8837,0.1315,4.06120655,4.06120655,2021-12-04 01:02:24,0.0081224131,,MAKER,USDT
****0219,mainAccount,61aaf64e9b0abc000135e191,PYR-USDT,BUY,LIMIT,30.8837,0.3236,9.99396532,9.99396532,2021-12-04 01:02:25,0.01998793064,,MAKER,USDT
****0219,mainAccount,61aaf64e9b0abc000135e191,PYR-USDT,BUY,LIMIT,30.8837,0.1718,5.30581966,5.30581966,2021-12-04 01:02:27,0.01061163932,,MAKER,USDT
****0219,mainAccount,61aaf64e9b0abc000135e191,PYR-USDT,BUY,LIMIT,30.8837,0.1549,4.78388513,4.78388513,2021-12-04 01:02:27,0.00956777026,,MAKER,USDT
****0219,mainAccount,61aaf64e9b0abc000135e191,PYR-USDT,BUY,LIMIT,30.8837,26.2467,810.59520879,810.59520879,2021-12-04 01:02:30,1.62119041758,,MAKER,USDT
****0219,mainAccount,61aafa7a292c1800011c8016,PYR-USDT,BUY,LIMIT,29.0,70.0,2030.0,2030.0,2021-12-04 01:19:55,4.06,,MAKER,USDT
****0219,mainAccount,61aafa9614f46c00012af46b,PYR-USDT,BUY,LIMIT,28.0,70.0,1960.0,1960.0,2021-12-04 01:22:37,3.92,,MAKER,USDT
****0219,mainAccount,61aafb6b0cfe83000177350a,PYR-USDT,BUY,LIMIT,26.0,50.0,1300.0,1300.0,2021-12-04 01:24:35,2.6,,MAKER,USDT
****0219,mainAccount,61aafbd55cd48000013e4e91,PYR-USDT,BUY,LIMIT,24.0,4.08914385,98.1394524,98.1394524,2021-12-04 01:26:01,0.1962789048,,MAKER,USDT
****0219,mainAccount,61aafbd55cd48000013e4e91,PYR-USDT,BUY,LIMIT,24.0,15.8244,379.7856,379.7856,2021-12-04 01:26:03,0.7595712,,MAKER,USDT
****0219,mainAccount,61aafbd55cd48000013e4e91,PYR-USDT,BUY,LIMIT,24.0,0.00014804,0.00355296,0.00355296,2021-12-04 01:26:04,7.10592e-06,,MAKER,USDT
****0219,mainAccount,61aafbd55cd48000013e4e91,PYR-USDT,BUY,LIMIT,24.0,5.854e-05,0.00140496,0.00140496,2021-12-04 01:26:04,2.80992e-06,,MAKER,USDT
****0219,mainAccount,61aafbd55cd48000013e4e91,PYR-USDT,BUY,LIMIT,24.0,63.5855,1526.052,1526.052,2021-12-04 01:26:04,3.052104,,MAKER,USDT
****0219,mainAccount,61aafbd55cd48000013e4e91,PYR-USDT,BUY,LIMIT,24.0,6.054e-05,0.00145296,0.00145296,2021-12-04 01:26:05,2.90592e-06,,MAKER,USDT
****0219,mainAccount,61aafbd55cd48000013e4e91,PYR-USDT,BUY,LIMIT,24.0,6.54718903,157.13253672,157.13253672,2021-12-04 01:26:06,0.31426507344,,MAKER,USDT
****0219,mainAccount,61aafc3a14f46c000139eb1b,PYR-USDT,BUY,MARKET,19.0,113.28895263,2152.49009997,2152.49009997,2021-12-04 01:27:22,4.30498019994,,TAKER,USDT
****0219,mainAccount,61ab0278ee688b0001fd36ee,PYR-USDT,BUY,LIMIT,21.0,28.6285,601.1985,601.1985,2021-12-06 03:07:41,1.202397,,MAKER,USDT
****0219,mainAccount,61ab028af7a6ad000136cbdd,PYR-USDT,BUY,LIMIT,18.0,33.2667,598.8006,598.8006,2021-12-14 14:28:56,1.1976012,,MAKER,USDT
****0219,mainAccount,658ddae4b764da00074e8e7a,PYR-USDT,SELL,LIMIT,7.7205,21.375,165.0256875,165.0256875,2023-12-28 16:30:28,0.330051375,,TAKER,USDT
****0219,mainAccount,658ddae4b764da00074e8e7a,PYR-USDT,SELL,LIMIT,7.7142,6.0,46.2852,46.2852,2023-12-28 16:30:28,0.0925704,,TAKER,USDT
****0219,mainAccount,658ddae4b764da00074e8e7a,PYR-USDT,SELL,LIMIT,7.715,21.375,164.908125,164.908125,2023-12-28 16:30:28,0.32981625,,TAKER,USDT
****0219,mainAccount,658ddae4b764da00074e8e7a,PYR-USDT,SELL,LIMIT,7.7139,74.489,574.6006971,574.6006971,2023-12-28 16:30:28,1.1492013942,,MAKER,USDT
****0219,mainAccount,658ddae4b764da00074e8e7a,PYR-USDT,SELL,LIMIT,7.7141,21.375,164.8888875,164.8888875,2023-12-28 16:30:28,0.329777775,,TAKER,USDT
****0219,mainAccount,658ddae4b764da00074e8e7a,PYR-USDT,SELL,LIMIT,7.7139,37.2445,287.30034855,287.30034855,2023-12-28 16:30:28,0.5746006971,,MAKER,USDT
****0219,mainAccount,658ddb430b9c4b0007a0ced5,VRA-USDT,SELL,LIMIT,0.0075,173240.0,1299.3,1299.3,2023-12-28 16:32:25,1.2993,,MAKER,USDT
****0219,mainAccount,658ddbf8b98eb7000749fef7,TOKO-USDT,SELL,LIMIT,0.0015915,20537.7965,32.68590312975,32.68590312975,2023-12-28 16:35:04,0.03268590312975,,MAKER,USDT
****0219,mainAccount,658ddbf8b98eb7000749fef7,TOKO-USDT,SELL,LIMIT,0.0015915,2966.3317,4.72091690055,4.72091690055,2023-12-28 16:35:04,0.00472091690055,,MAKER,USDT
****0219,mainAccount,658ddae4b764da00074e8e7a,PYR-USDT,SELL,LIMIT,7.7139,88.0,678.8232,678.8232,2023-12-28 16:35:08,1.3576464,,MAKER,USDT
****0219,mainAccount,658ddae4b764da00074e8e7a,PYR-USDT,SELL,LIMIT,7.7139,138.0,1064.5182,1064.5182,2023-12-28 16:35:10,2.1290364,,MAKER,USDT
****0219,mainAccount,658ddae4b764da00074e8e7a,PYR-USDT,SELL,LIMIT,7.7139,170.5513,1315.61567307,1315.61567307,2023-12-28 16:35:10,2.63123134614,,MAKER,USDT
****0219,mainAccount,658ddae4b764da00074e8e7a,PYR-USDT,SELL,LIMIT,7.7139,171.6967,1324.45117413,1324.45117413,2023-12-28 16:35:18,2.64890234826,,MAKER,USDT
****0219,mainAccount,658ddae4b764da00074e8e7a,PYR-USDT,SELL,LIMIT,7.7139,185.548,1431.2987172,1431.2987172,2023-12-28 16:35:19,2.8625974344,,MAKER,USDT
****0219,mainAccount,658ddae4b764da00074e8e7a,PYR-USDT,SELL,LIMIT,7.7139,40.5886,313.09640154,313.09640154,2023-12-28 16:35:20,0.62619280308,,MAKER,USDT
****0219,mainAccount,658ddae4b764da00074e8e7a,PYR-USDT,SELL,LIMIT,7.7139,192.375,1483.9615125,1483.9615125,2023-12-28 16:35:20,2.967923025,,MAKER,USDT
****0219,mainAccount,658ddae4b764da00074e8e7a,PYR-USDT,SELL,LIMIT,7.7139,135.0526,1041.78225114,1041.78225114,2023-12-28 16:35:20,2.08356450228,,MAKER,USDT
****0219,mainAccount,658ddae4b764da00074e8e7a,PYR-USDT,SELL,LIMIT,7.7139,9.8021,75.61241919,75.61241919,2023-12-28 16:35:23,0.15122483838,,MAKER,USDT
****0219,mainAccount,658ddae4b764da00074e8e7a,PYR-USDT,SELL,LIMIT,7.7139,152.2862,1174.72051818,1174.72051818,2023-12-28 16:35:24,2.34944103636,,MAKER,USDT
****0219,mainAccount,658ddae4b764da00074e8e7a,PYR-USDT,SELL,LIMIT,7.7139,195.5516,1508.46548724,1508.46548724,2023-12-28 16:35:25,3.01693097448,,MAKER,USDT
****0219,mainAccount,658ddae4b764da00074e8e7a,PYR-USDT,SELL,LIMIT,7.7139,1.5483,11.94343137,11.94343137,2023-12-28 16:35:29,0.02388686274,,MAKER,USDT
****0219,mainAccount,658ddae4b764da00074e8e7a,PYR-USDT,SELL,LIMIT,7.7139,0.7741,5.97132999,5.97132999,2023-12-28 16:35:29,0.01194265998,,MAKER,USDT
****0219,mainAccount,658ddc140b9c4b0007a30a5d,EGLD-USDT,SELL,LIMIT,68.8,3.0,206.4,206.4,2023-12-28 16:35:38,0.2064,,MAKER,USDT
****0219,mainAccount,658ddae4b764da00074e8e7a,PYR-USDT,SELL,LIMIT,7.7139,1.5676,12.09230964,12.09230964,2023-12-28 16:35:47,0.02418461928,,MAKER,USDT
****0219,mainAccount,658ddae4b764da00074e8e7a,PYR-USDT,SELL,LIMIT,7.7139,8.3,64.02537,64.02537,2023-12-28 16:35:53,0.12805074,,MAKER,USDT
****0219,mainAccount,658ddae4b764da00074e8e7a,PYR-USDT,SELL,LIMIT,7.7139,90.6044,698.91328116,698.91328116,2023-12-28 16:35:53,1.39782656232,,MAKER,USDT
****0219,mainAccount,658ddae4b764da00074e8e7a,PYR-USDT,SELL,LIMIT,7.7139,27.6,212.90364,212.90364,2023-12-28 16:35:53,0.42580728,,MAKER,USDT
****0219,mainAccount,658ddae4b764da00074e8e7a,PYR-USDT,SELL,LIMIT,7.7139,128.25,989.307675,989.307675,2023-12-28 16:35:53,1.97861535,,MAKER,USDT
****0219,mainAccount,658ddae4b764da00074e8e7a,PYR-USDT,SELL,LIMIT,7.7139,22.148,170.8474572,170.8474572,2023-12-28 16:35:53,0.3416949144,,MAKER,USDT
****0219,mainAccount,658ddc38b98eb700074ab06e,AIOZ-USDT,SELL,LIMIT,0.126,1500.0,189.0,189.0,2023-12-28 16:36:08,0.378,,TAKER,USDT
****0219,mainAccount,658ddae4b764da00074e8e7a,PYR-USDT,SELL,LIMIT,7.7139,4.8187,37.17096993,37.17096993,2023-12-28 16:36:17,0.07434193986,,MAKER,USDT
****0219,mainAccount,658ddae4b764da00074e8e7a,PYR-USDT,SELL,LIMIT,7.7139,25.1,193.61889,193.61889,2023-12-28 16:36:17,0.38723778,,MAKER,USDT
****0219,mainAccount,658ddae4b764da00074e8e7a,PYR-USDT,SELL,LIMIT,7.7139,9.6375,74.34271125,74.34271125,2023-12-28 16:36:17,0.1486854225,,MAKER,USDT
****0219,mainAccount,658ddae4b764da00074e8e7a,PYR-USDT,SELL,LIMIT,7.7139,20.867,160.9659513,160.9659513,2023-12-28 16:36:17,0.3219319026,,MAKER,USDT
****0219,mainAccount,658ddae4b764da00074e8e7a,PYR-USDT,SELL,LIMIT,7.7139,41.734,321.9319026,321.9319026,2023-12-28 16:36:17,0.6438638052,,MAKER,USDT
****0219,mainAccount,658ddae4b764da00074e8e7a,PYR-USDT,SELL,LIMIT,7.7139,13.5,104.13765,104.13765,2023-12-28 16:36:17,0.2082753,,MAKER,USDT
****0219,mainAccount,658ddae4b764da00074e8e7a,PYR-USDT,SELL,LIMIT,7.7139,22.15,170.862885,170.862885,2023-12-28 16:36:17,0.34172577,,MAKER,USDT
****0219,mainAccount,658ddae4b764da00074e8e7a,PYR-USDT,SELL,LIMIT,7.7139,113.3452,874.33353828,874.33353828,2023-12-28 16:36:17,1.74866707656,,MAKER,USDT
****0219,mainAccount,658ddae4b764da00074e8e7a,PYR-USDT,SELL,LIMIT,7.7139,188.216,1451.8794024,1451.8794024,2023-12-28 16:36:18,2.9037588048,,MAKER,USDT
****0219,mainAccount,658ddae4b764da00074e8e7a,PYR-USDT,SELL,LIMIT,7.7139,98.5457,760.17167523,760.17167523,2023-12-28 16:36:18,1.52034335046,,MAKER,USDT
****0219,mainAccount,658ddae4b764da00074e8e7a,PYR-USDT,SELL,LIMIT,7.7139,22.15,170.862885,170.862885,2023-12-28 16:36:19,0.34172577,,MAKER,USDT
****0219,mainAccount,658ddbf8b98eb7000749fef7,TOKO-USDT,SELL,LIMIT,0.0015915,102.9737,0.16388264355,0.16388264355,2023-12-28 16:36:23,0.00016388264355,,MAKER,USDT
****0219,mainAccount,658ddae4b764da00074e8e7a,PYR-USDT,SELL,LIMIT,7.7139,14.497,111.8284083,111.8284083,2023-12-28 16:36:30,0.2236568166,,MAKER,USDT
****0219,mainAccount,658ddae4b764da00074e8e7a,PYR-USDT,SELL,LIMIT,7.7139,22.15,170.862885,170.862885,2023-12-28 16:36:31,0.34172577,,MAKER,USDT
****0219,mainAccount,658ddae4b764da00074e8e7a,PYR-USDT,SELL,LIMIT,7.7139,13.978,107.8248942,107.8248942,2023-12-28 16:36:33,0.2156497884,,MAKER,USDT
****0219,mainAccount,658ddae4b764da00074e8e7a,PYR-USDT,SELL,LIMIT,7.7139,124.978,964.0677942,964.0677942,2023-12-28 16:36:39,1.9281355884,,MAKER,USDT
****0219,mainAccount,658ddae4b764da00074e8e7a,PYR-USDT,SELL,LIMIT,7.7139,4.6801,36.10182339,36.10182339,2023-12-28 16:37:22,0.07220364678,,MAKER,USDT
****0219,mainAccount,658ddba1e0e1ab00073c3323,RNDR-USDT,SELL,LIMIT,4.5713,55.6617,254.44632921,254.44632921,2023-12-28 16:37:23,0.50889265842,,MAKER,USDT
****0219,mainAccount,658ddba1e0e1ab00073c3323,RNDR-USDT,SELL,LIMIT,4.5713,8.6137,39.37580681,39.37580681,2023-12-28 16:37:23,0.07875161362,,MAKER,USDT
****0219,mainAccount,658ddba1e0e1ab00073c3323,RNDR-USDT,SELL,LIMIT,4.5713,50.3793,230.29889409,230.29889409,2023-12-28 16:37:24,0.46059778818,,MAKER,USDT
****0219,mainAccount,658ddba1e0e1ab00073c3323,RNDR-USDT,SELL,LIMIT,4.5713,14.6245,66.85297685,66.85297685,2023-12-28 16:37:24,0.1337059537,,MAKER,USDT
****0219,mainAccount,658ddba1e0e1ab00073c3323,RNDR-USDT,SELL,LIMIT,4.5713,2.3023,10.52450399,10.52450399,2023-12-28 16:37:24,0.02104900798,,MAKER,USDT
****0219,mainAccount,658ddba1e0e1ab00073c3323,RNDR-USDT,SELL,LIMIT,4.5713,4.4593,20.38479809,20.38479809,2023-12-28 16:37:24,0.04076959618,,MAKER,USDT
****0219,mainAccount,658ddba1e0e1ab00073c3323,RNDR-USDT,SELL,LIMIT,4.5713,14.5399,66.46624487,66.46624487,2023-12-28 16:37:24,0.13293248974,,MAKER,USDT
****0219,mainAccount,658ddba1e0e1ab00073c3323,RNDR-USDT,SELL,LIMIT,4.5713,2.7838,12.72558494,12.72558494,2023-12-28 16:37:24,0.02545116988,,MAKER,USDT
****0219,mainAccount,658ddba1e0e1ab00073c3323,RNDR-USDT,SELL,LIMIT,4.5713,1.0071,4.60375623,4.60375623,2023-12-28 16:37:24,0.00920751246,,MAKER,USDT
****0219,mainAccount,658ddba1e0e1ab00073c3323,RNDR-USDT,SELL,LIMIT,4.5713,1.9367,8.85323671,8.85323671,2023-12-28 16:37:24,0.01770647342,,MAKER,USDT
****0219,mainAccount,658ddba1e0e1ab00073c3323,RNDR-USDT,SELL,LIMIT,4.5713,56.25,257.135625,257.135625,2023-12-28 16:37:24,0.51427125,,MAKER,USDT
****0219,mainAccount,658ddba1e0e1ab00073c3323,RNDR-USDT,SELL,LIMIT,4.5713,30.9374,141.42413662,141.42413662,2023-12-28 16:37:24,0.28284827324,,MAKER,USDT
****0219,mainAccount,658ddba1e0e1ab00073c3323,RNDR-USDT,SELL,LIMIT,4.5713,11.5113,52.62160569,52.62160569,2023-12-28 16:37:24,0.10524321138,,MAKER,USDT
****0219,mainAccount,658ddba1e0e1ab00073c3323,RNDR-USDT,SELL,LIMIT,4.5713,2.2496,10.28359648,10.28359648,2023-12-28 16:37:24,0.02056719296,,MAKER,USDT
****0219,mainAccount,658ddba1e0e1ab00073c3323,RNDR-USDT,SELL,LIMIT,4.5713,2.3022,10.52404686,10.52404686,2023-12-28 16:37:24,0.02104809372,,MAKER,USDT
****0219,mainAccount,658ddba1e0e1ab00073c3323,RNDR-USDT,SELL,LIMIT,4.5713,0.9066,4.14434058,4.14434058,2023-12-28 16:37:24,0.00828868116,,MAKER,USDT
****0219,mainAccount,658ddba1e0e1ab00073c3323,RNDR-USDT,SELL,LIMIT,4.5713,11.4809,52.48263817,52.48263817,2023-12-28 16:37:24,0.10496527634,,MAKER,USDT
****0219,mainAccount,658ddba1e0e1ab00073c3323,RNDR-USDT,SELL,LIMIT,4.5713,0.5332,2.43741716,2.43741716,2023-12-28 16:37:24,0.00487483432,,MAKER,USDT
****0219,mainAccount,658ddba1e0e1ab00073c3323,RNDR-USDT,SELL,LIMIT,4.5713,13.7645,62.92165885,62.92165885,2023-12-28 16:37:24,0.1258433177,,MAKER,USDT
****0219,mainAccount,658ddca1d76f360007888c0f,KDA-USDT,SELL,MARKET,1.1962,50.0,59.81,59.81,2023-12-28 16:37:53,0.11962,,TAKER,USDT
****0219,mainAccount,658ddae4b764da00074e8e7a,PYR-USDT,SELL,LIMIT,7.7139,8.3,64.02537,64.02537,2023-12-28 16:37:53,0.12805074,,MAKER,USDT
****0219,mainAccount,658ddae4b764da00074e8e7a,PYR-USDT,SELL,LIMIT,7.7139,26.037,200.8468143,200.8468143,2023-12-28 16:37:54,0.4016936286,,MAKER,USDT
****0219,mainAccount,658ddbf8b98eb7000749fef7,TOKO-USDT,SELL,LIMIT,0.0015915,121392.8981,193.19679732615,193.19679732615,2023-12-28 16:37:59,0.19319679732615,,MAKER,USDT
****0219,mainAccount,658ddcdf5edc3d0007fc1270,FLAME-USDT,SELL,MARKET,0.05233,13.3882,0.700604506,0.700604506,2023-12-28 16:38:55,0.001401209012,,TAKER,USDT
****0219,mainAccount,658ddcdf5edc3d0007fc1270,FLAME-USDT,SELL,MARKET,0.05229,13.4751,0.704612979,0.704612979,2023-12-28 16:38:55,0.001409225958,,TAKER,USDT
****0219,mainAccount,658ddcdf5edc3d0007fc1270,FLAME-USDT,SELL,MARKET,0.05272,13.4751,0.710407272,0.710407272,2023-12-28 16:38:55,0.001420814544,,TAKER,USDT
****0219,mainAccount,658ddcdf5edc3d0007fc1270,FLAME-USDT,SELL,MARKET,0.05257,12.5382,0.659133174,0.659133174,2023-12-28 16:38:55,0.001318266348,,TAKER,USDT
****0219,mainAccount,658ddcdf5edc3d0007fc1270,FLAME-USDT,SELL,MARKET,0.05233,85.9066,4.495492378,4.495492378,2023-12-28 16:38:55,0.008990984756,,TAKER,USDT
****0219,mainAccount,658ddcdf5edc3d0007fc1270,FLAME-USDT,SELL,MARKET,0.05259,13.1302,0.690517218,0.690517218,2023-12-28 16:38:55,0.001381034436,,TAKER,USDT
****0219,mainAccount,658ddcdf5edc3d0007fc1270,FLAME-USDT,SELL,MARKET,0.05225,4.054,0.2118215,0.2118215,2023-12-28 16:38:55,0.000423643,,TAKER,USDT
****0219,mainAccount,658ddcdf5edc3d0007fc1270,FLAME-USDT,SELL,MARKET,0.05239,13.4283,0.703508637,0.703508637,2023-12-28 16:38:55,0.001407017274,,TAKER,USDT
****0219,mainAccount,658ddcdf5edc3d0007fc1270,FLAME-USDT,SELL,MARKET,0.05268,70.0,3.6876,3.6876,2023-12-28 16:38:55,0.0073752,,TAKER,USDT
****0219,mainAccount,658ddcdf5edc3d0007fc1270,FLAME-USDT,SELL,MARKET,0.05267,22.8521,1.203620107,1.203620107,2023-12-28 16:38:55,0.002407240214,,TAKER,USDT
****0219,mainAccount,658ddcdf5edc3d0007fc1270,FLAME-USDT,SELL,MARKET,0.0523,642.8,33.61844,33.61844,2023-12-28 16:38:55,0.06723688,,TAKER,USDT
****0219,mainAccount,658ddcdf5edc3d0007fc1270,FLAME-USDT,SELL,MARKET,0.05257,24.6316,1.294883212,1.294883212,2023-12-28 16:38:55,0.002589766424,,TAKER,USDT
****0219,mainAccount,658ddcdf5edc3d0007fc1270,FLAME-USDT,SELL,MARKET,0.05261,70.3206,3.699566766,3.699566766,2023-12-28 16:38:55,0.007399133532,,TAKER,USDT
****0219,mainAccount,658ddae4b764da00074e8e7a,PYR-USDT,SELL,LIMIT,7.7139,110.006,848.5752834,848.5752834,2023-12-28 16:39:16,1.6971505668,,MAKER,USDT
****0219,mainAccount,658ddae4b764da00074e8e7a,PYR-USDT,SELL,LIMIT,7.7139,128.0,987.3792,987.3792,2023-12-28 16:39:16,1.9747584,,MAKER,USDT
****0219,mainAccount,658ddae4b764da00074e8e7a,PYR-USDT,SELL,LIMIT,7.7139,140.325,1082.4530175,1082.4530175,2023-12-28 16:39:16,2.164906035,,MAKER,USDT
****0219,mainAccount,658ddae4b764da00074e8e7a,PYR-USDT,SELL,LIMIT,7.7139,56.2725,434.08043775,434.08043775,2023-12-28 16:39:17,0.8681608755,,MAKER,USDT
****0219,mainAccount,658ddd093a6f2600072f9a1d,IOI-USDT,SELL,MARKET,0.03319,161.375,5.35603625,5.35603625,2023-12-28 16:39:37,0.0107120725,,TAKER,USDT
****0219,mainAccount,658ddd093a6f2600072f9a1d,IOI-USDT,SELL,MARKET,0.03322,4.6275,0.15372555,0.15372555,2023-12-28 16:39:37,0.0003074511,,TAKER,USDT
****0219,mainAccount,658ddd093a6f2600072f9a1d,IOI-USDT,SELL,MARKET,0.03324,126.6083,4.208459892,4.208459892,2023-12-28 16:39:37,0.008416919784,,TAKER,USDT
****0219,mainAccount,658ddd093a6f2600072f9a1d,IOI-USDT,SELL,MARKET,0.03318,45.0549,1.494921582,1.494921582,2023-12-28 16:39:37,0.002989843164,,TAKER,USDT
****0219,mainAccount,658ddd093a6f2600072f9a1d,IOI-USDT,SELL,MARKET,0.0332,82.8376,2.75020832,2.75020832,2023-12-28 16:39:37,0.00550041664,,TAKER,USDT
****0219,mainAccount,658ddd093a6f2600072f9a1d,IOI-USDT,SELL,MARKET,0.03319,29.4967,0.978995473,0.978995473,2023-12-28 16:39:37,0.001957990946,,TAKER,USDT
****0219,mainAccount,658ddae4b764da00074e8e7a,PYR-USDT,SELL,LIMIT,7.7139,15.0,115.7085,115.7085,2023-12-28 16:39:58,0.231417,,MAKER,USDT
****0219,mainAccount,658ddae4b764da00074e8e7a,PYR-USDT,SELL,LIMIT,7.7139,28.947,223.2942633,223.2942633,2023-12-28 16:39:58,0.4465885266,,MAKER,USDT
****0219,mainAccount,658ddae4b764da00074e8e7a,PYR-USDT,SELL,LIMIT,7.7139,14.4735,111.64713165,111.64713165,2023-12-28 16:39:58,0.2232942633,,MAKER,USDT
****0219,mainAccount,658ddb1cb764da00074f48ff,NAKA-USDT,SELL,LIMIT,1.88246,240.0495,451.88358177,451.88358177,2023-12-28 16:45:18,0.90376716354,,MAKER,USDT
****0219,mainAccount,658ddb1cb764da00074f48ff,NAKA-USDT,SELL,LIMIT,1.88246,184.5748,347.454678008,347.454678008,2023-12-28 16:49:41,0.694909356016,,MAKER,USDT
****0219,mainAccount,658ddb1cb764da00074f48ff,NAKA-USDT,SELL,LIMIT,1.88246,9.491,17.86642786,17.86642786,2023-12-28 16:49:41,0.03573285572,,MAKER,USDT
****0219,mainAccount,658ddb1cb764da00074f48ff,NAKA-USDT,SELL,LIMIT,1.88246,69.6296,131.074936816,131.074936816,2023-12-28 16:49:56,0.262149873632,,MAKER,USDT
****0219,mainAccount,658ddb1cb764da00074f48ff,NAKA-USDT,SELL,LIMIT,1.88246,106.9533,201.335309118,201.335309118,2023-12-28 16:50:45,0.402670618236,,MAKER,USDT
****0219,mainAccount,658ddb1cb764da00074f48ff,NAKA-USDT,SELL,LIMIT,1.88246,48.58,91.4499068,91.4499068,2023-12-28 16:51:42,0.1828998136,,MAKER,USDT
****0219,mainAccount,658ddb1cb764da00074f48ff,NAKA-USDT,SELL,LIMIT,1.88246,336.8557,634.117381022,634.117381022,2023-12-28 16:52:16,1.268234762044,,MAKER,USDT
****0219,mainAccount,658ddb60e0e1ab00073b8359,UOS-USDT,SELL,LIMIT,0.20785,887.6899,184.506345715,184.506345715,2023-12-28 17:02:33,0.36901269143,,MAKER,USDT
****0219,mainAccount,658ddb60e0e1ab00073b8359,UOS-USDT,SELL,LIMIT,0.20785,2372.9726,493.22235491,493.22235491,2023-12-28 17:04:29,0.98644470982,,MAKER,USDT
****0219,mainAccount,658ddae4b764da00074e8e7a,PYR-USDT,SELL,LIMIT,7.7139,32.0625,247.32691875,247.32691875,2023-12-28 17:06:01,0.4946538375,,MAKER,USDT
****0219,mainAccount,658ddae4b764da00074e8e7a,PYR-USDT,SELL,LIMIT,7.7139,10.6894,82.45696266,82.45696266,2023-12-28 17:06:01,0.16491392532,,MAKER,USDT
****0219,mainAccount,658ddae4b764da00074e8e7a,PYR-USDT,SELL,LIMIT,7.7139,1.7564,13.54869396,13.54869396,2023-12-28 17:06:05,0.02709738792,,MAKER,USDT
****0219,mainAccount,658ddae4b764da00074e8e7a,PYR-USDT,SELL,LIMIT,7.7139,10.5086,81.06228954,81.06228954,2023-12-28 17:06:05,0.16212457908,,MAKER,USDT
****0219,mainAccount,658ddae4b764da00074e8e7a,PYR-USDT,SELL,LIMIT,7.7139,3.5128,27.09738792,27.09738792,2023-12-28 17:06:05,0.05419477584,,MAKER,USDT
****0219,mainAccount,658ddae4b764da00074e8e7a,PYR-USDT,SELL,LIMIT,7.7139,5.2543,40.53114477,40.53114477,2023-12-28 17:06:05,0.08106228954,,MAKER,USDT
****0219,mainAccount,658ddae4b764da00074e8e7a,PYR-USDT,SELL,LIMIT,7.7139,314.4681,2425.77547659,2425.77547659,2023-12-28 17:06:13,4.85155095318,,MAKER,USDT
****0219,mainAccount,658ddc53561ac200071e27e2,SOUL-USDT,SELL,LIMIT,0.19042,563.0,107.20646,107.20646,2023-12-28 17:55:30,0.10720646,,MAKER,USDT
****0219,mainAccount,658ddc7d55645b00070c0876,RFOX-USDT,SELL,LIMIT,0.015654,6797.1518,106.4026142772,106.4026142772,2023-12-29 20:48:56,0.2128052285544,,MAKER,USDT
